channelViewCount,elapsedtime,videoCategoryId,videoCount,videoViewCount,videoLikeCount,videoDislikeCount,channelelapsedtime
"{'avg': 48291187.05234968, 'min': 0.0, 'max': 23798172642.0, 'sum': 27796890179203.0, 'std_err': 610371.0274202778}","{'avg': 50755.78695818349, 'min': 17520.0, 'max': 106609.0, 'sum': 29215538531.0, 'std_err': 25.999511197645155}","{'avg': 17.560551415020587, 'min': 1.0, 'max': 44.0, 'sum': 10108029.0, 'std_err': 0.010418208862166992}","{'avg': 1204.4646270912597, 'min': 0.0, 'max': 415500.0, 'sum': 693301884.0, 'std_err': 10.944863773819234}","{'avg': 58839.07740136551, 'min': -1.0, 'max': 500893946.0, 'sum': 33868361343.0, 'std_err': 1622.1339599163368}","{'avg': 292.15081044457185, 'min': -1.0, 'max': 1240473.0, 'sum': 168164928.0, 'std_err': 5.941128109829403}","{'avg': 18.92149371970605, 'min': -1.0, 'max': 244280.0, 'sum': 10891401.0, 'std_err': 0.5732879286849777}","{'avg': 67941.30526745539, 'min': 888.0, 'max': 108913.0, 'sum': 39107694725.0, 'std_err': 27.190510651280633}"
