{"avg": 558439.132234077, "min": 100027.0, "max": 999921.0, "sum": 1727252236.0, "std": 261099.85573867863}