{"sum": 76360590.0, "avr": 799.746441700443, "sumMD": 246941.0, "avrMD": 799.1618122977346, "sumSD": 242893.0, "avrSD": 786.0614886731391, "max": 1499.0, "min": 100.0}